find_hospital,โรงพยาบาล อยู่ในเครือข่ายมั้ย
find_hospital,จังหวัด มีโรงพยาบาลในเครือข่ายมั้ย
find_hospital,ในจังหวัด มีโรงพยาบาลที่เบิกได้มั้ย
find_hospital,เคลมที่ไหนได้บ้าง
find_hospital,เคลมได้ที่ไหนบ้าง
find_hospital,อยากเคลมประกันมันได้ที่ไหนบ้าง
find_hospital,อยากเคลมประกันโรงพยาบาลไหนได้บ้าง
find_hospital,ค้นหาโรงพยาบาลในเครือประกันเอฟดับบลิวดี
find_hospital,อยากทราบข้อมูลโรงพยาบาลใกล้หน่อยค่ะ
find_hospital,โรงพยาบาลไหนเคลมได้บ้าง
find_hospital,มีโรงพยาบาลไหนที่เคลมแถวบ้านได้บ้าง
find_hospital,จะรู้ได้ไงว่าโรงพยาบาลแถวบ้านเคลมได้
find_hospital,อยากรู้ว่าโรงพยาบาลเคลมได้ไหมคะ
find_hospital,หาโรงพยาบาล
find_hospital,หาโรงพยาบาลหน่อย
find_hospital,หาโรงพยาบาลแถวบ้าน
find_hospital,เชครพ.เครื่อข่าย
find_hospital,เชครพ.ใกล้ตัว
find_hospital,รพ.ไหนใช้ได้บ้าง
find_hospital,เช็ครพ.ในเครือ
Cancel_,ขอยกเลิกประกัน
Cancel_,จะยกเลิกประกัน
Cancel_,อยากยกเลิกประกัน
Cancel_,ขอยกเลิกกรมธรรม์
Cancel_,จะยกเลิกกรมธรรม์
Cancel_,อยากยกเลิกกรมธรรม์
Cancel_,ยกเลิกกธ.
Cancel_,ขอทำเรื่องยกเลิกประกัน
Cancel_,ไม่เอาประกันแล้ว
Cancel_,แจ้งยกเลิกประกัน
Cancel_,ขอยกเลิกประกันหน่อยค่ะ
Cancel_,อยากยกเลิกประกันค่ะ
Cancel_,ขอทำเรื่องยกเลิกประกันหน่อยค่ะ
Cancel_,อยากทำเรื่องยกเลิกกธ.
Cancel_,ยกเลิกกรมธรรม์หน่อยค่ะ
Cancel_,ยกเลิกประกันให้หน่อยสิ
Cancel_,ผมอยากยกเลิกประกัน
Cancel_,ขอยกเลิกประกันหน่อย
Cancel_,ถูกหลอกขายประกัน
Cancel_,ขอร้องเรียน
ask_policy,กรมธรรม์อะไรบ้าง
ask_policy,กี่กรมธรรม์
ask_policy,ต้องจ่ายเบี้ยเมื่อไหร่
ask_policy,ต้องจ่ายเบี้ยเท่าไหร่
ask_policy,สอบถามประกันของตัวเอง
ask_policy,อยากรู้ประกันของตัวเอง
ask_policy,อยากรู้ประกันของเรา
ask_policy,ดูประกันของเรา
ask_policy,ขอดูกธ.
ask_policy,ขอดูกธ
ask_policy,ดูประกันของฉัน
ask_policy,อยากดูกธ.
ask_policy,ดูกธ.
ask_policy,ดึงข้อมูลกรมธรรม์ให้หน่อยครับ
ask_policy,ขอดูกรมธรรม์ของผมหน่อย
ask_policy,ดูประกันที่ซื้อไว้
ask_policy,ดูกรมธรรม์ที่ซื้อไว้
ask_policy,เช็คชำระเบี้ย
ask_policy,เช็คเบี้ยประกัน
ask_policy,ครบกำหนดชำระเบี้ยเมื่อไหร่
Contact_agent,ติดต่อเจ้าหน้าที่
Contact_agent,ต้องการคุยกับคน
Contact_agent,อยากติดต่อเจ้าหน้าที่
Contact_agent,ต้องการติดต่อเจ้าหน้าที่
Contact_agent,ขอคุยกับเจ้าหน้าที่
Contact_agent,ขอติดต่อกับคน
Contact_agent,อยากคุยกับคน
Contact_agent,จะคุยกับคน
Contact_agent,ไม่คุยกับบอท
Contact_agent,คุยไม่รู้เรื่อง
Contact_agent,คุยคนหน่อย
Contact_agent,คุยกับจนท
Contact_agent,ติดต่อ​เจ้าหน้าที่​ค่ะ
Contact_agent,ไม่เข้าใจ
Contact_agent,แอดมินคะ
Contact_agent,ติดต่อซิกน่า
Contact_agent,คนหรือระบบ
Contact_agent,คือจะคุยกับคนในนี้ไม่มีใช่ไหม
Contact_agent,สอบถามค่ะ
Contact_agent,ถามหน่อยค่ะ
how_to_change_somethings,ต้องการเปลี่ยนแปลงที่อยู่
how_to_change_somethings,ต้องการให้เอกสารส่งมาที่อยู่ใหม่ทำยังไงบ้าง
how_to_change_somethings,ที่อยู่เดิมไม่ได้อยู่แล้วเปลี่ยนเป็นที่อยู่ใหม่ได้ไหม
how_to_change_somethings,เปลี่ยนที่อยู่
how_to_change_somethings,ต้องการเปลี่ยนแปลงข้อมูลที่อยู่ต้องทำยังไงคะ
how_to_change_somethings,อยากเปลี่ยนแปลงข้อมูลที่อยู่ต้องทำยังไงบ้างคะ
how_to_change_somethings,ขอทราบวิธีการเปลี่ยนแปลงข้อมูลที่อยู่หน่อยค่ะ
how_to_change_somethings,จะเปลี่ยนบัตรเครดิตใบใหม่ทำยังไงครับ
how_to_change_somethings,บัตรเครดิตหาย จะจ่ายเงินยังไง
how_to_change_somethings,เปลี่ยนบัตรเครดิตจะทำไงครับ
how_to_change_somethings,บัตรเครดิตหาย ขอแจ้งเปลี่ยนบัตร
how_to_change_somethings,บัตรเครดิตใบเก่าหมดอายุจะเปลี่ยนเป็นบัตรใบใหม่ยังไงค่ะ
how_to_change_somethings,ทางธนาคารส่งบัตรมาให้ใหม่ต้องทำอย่างไร
how_to_change_somethings,ต้องการเปลี่ยนแปลงบัตรเครดิตในการชำระเบี้ยประกัน
how_to_change_somethings,จะแจ้งเปลี่ยนชื่อ-สกุล ต้องใช้เอกสารอะไรบ้าง
how_to_change_somethings,จะแจ้งเปลี่ยนนามสกุล ต้องทำยังไง
how_to_change_somethings,จะแจ้งเปลี่ยนชื่อ ต้องใช้เอกสารอะไรบ้าง
how_to_change_somethings,ไม่อยากให้ตัดผ่านบัตรเครดิต/บัญชี จะชำระเงินวิธีไหนได้บ้าง
how_to_change_somethings,ต้องการยกเลิกการตัดบัญชี/เครดิตต้องทำอย่างไรครับ
how_to_change_somethings,ต้องการชำระเบี้ยด้วยเงินสดทำยังไงบ้างค่ะ
want_info,อยากได้ข้อมูลเกี่ยวกับประกันสุขภาพ
want_info,อยากซื้อประกันสุขภาพ
want_info,อยากทราบประกันสุขภาพ
want_info,อยากสอบถามเรื่องประกันสุขภาพ
want_info,อยากถามเกี่ยวกับประกันสุขภาพ
want_info,มีประกันสุขภาพไหม
want_info,ขอดูประกันสุขภาพหน่อย
want_info,สนใจทำประกัน
want_info,มีแบบประกันอะไรบ้าง
want_info,อยากได้ประกันที่สามารถลดหย่อนภาษีได้
want_info,สนใจทำประกันให้ลูก
want_info,สนใจทำประกันให้พ่อ
want_info,สนใจทำประกันให้แม่
want_info,สนใจทำประกันให้สามี
want_info,สนใจทำประกันให้ภรรยา
want_info,ซื้อประกัน
want_info,อยากทำประกัน
want_info,อยากซื้อประกัน
want_info,ขายประกันอะไรบ้าง
want_info,มีประกันอะไรขาย
Greeting,สวัสดีค่ะ
Greeting,สวัสดีค่า
Greeting,สวัสดีฮับ
Greeting,สวัสดี
Greeting,หวัดดี
Greeting,ดี
Greeting,ดีจ้า
Greeting,ดีคร๊าบ
Greeting,ซาหวัดดี
Greeting,โย่ว
Greeting,วอทสัพ
Greeting,วอทสัพแมน
Greeting,ดีครับ
Greeting,โย่วว
Greeting,Hi
Greeting,Hello
Greeting,เริ่มต้นการแชท
Greeting,ฮาโหล
Greeting,โหล
Greeting,ดีค่ะ
Greeting,สวัสดีคะ